{"inputs": [[[0.33669036626815796, 0.12880940735340118], [0.23446236550807953, 0.23033303022384644]], [[-1.1228563785552979, -0.18632829189300537], [2.2082014083862305, -0.637997031211853]], [[0.46165722608566284, 0.2673508822917938], [0.5349046587944031, 0.809357225894928]], [[1.110290288925171, -1.6897989511489868], [-0.9889599084854126, 0.9579718112945557]], [[1.322135090827942, 0.8171897530555725], [-0.765838623046875, -0.7506223320960999]], [[1.3525477647781372, 0.6863219141960144], [-0.32775864005088806, 0.7949687242507935]], [[0.2815195620059967, 0.056163541972637177], [0.5227160453796387, -0.23835687339305878]], [[-0.049903348088264465, 0.5263369679450989], [-0.008498823270201683, 0.7290605902671814]], [[0.13314196467399597, 0.8639776706695557], [-1.0156747102737427, -0.8887485265731812]], [[0.14977970719337463, -0.20889392495155334], [-0.38702094554901123, 0.9912377595901489]]], "outputs": {"Sample_1": [[0.32634472846984863, 0.11125120520591736], [0.27813923358917236, 0.29353684186935425]], "Sample_2": [[-1.1199500560760498, -0.18103241920471191], [2.2103207111358643, -0.6357378959655762]], "Sample_3": [[0.4556313157081604, 0.3088948726654053], [0.4048004746437073, 0.6834004521369934]], "Sample_4": [[1.0673785209655762, -1.702650785446167], [-0.9913021326065063, 0.9504116773605347]], "Sample_5": [[1.3616793155670166, 0.819449782371521], [-0.7513365745544434, -0.7472983598709106]], "Sample_6": [[1.335404872894287, 0.6870227456092834], [-0.3441004753112793, 0.8023470640182495]], "Sample_7": [[0.28175681829452515, 0.034777045249938965], [0.5470811724662781, -0.21371905505657196]], "Sample_8": [[-0.07937628030776978, 0.49162498116493225], [0.0682716965675354, 0.7653449177742004]], "Sample_9": [[0.09475037455558777, 0.8652275800704956], [-1.033931851387024, -0.9096193313598633]], "Sample_10": [[0.2662926912307739, -0.17799952626228333], [-0.36900603771209717, 1.0060124397277832]]}}